<?xml version="1.0" encoding="UTF-8" standalone="yes"?>
<addon id="repository.Messias" name="Messias" version="0.0.2" provider-name="Messias">
	<extension point="xbmc.addon.repository" name="Messias Addon Repository">
		<info compressed="false">https://raw.githubusercontent.com/badjudja/meu/master/addons.xml</info>
		<checksum>https://raw.githubusercontent.com/badjudja/meu/master/addons.xml.md5</checksum>
		<datadir zip="true">http://github.com/badjudja/meu/tree/master/zips</datadir>
	</extension>
	<extension point="xbmc.addon.metadata">
		<summary>Kodi Repo</summary>
		<description>Repo para a malta</description>
		<platform>all</platform>
	</extension>
</addon>