<?xml version="1.0" encoding="UTF-8" standalone="yes"?>
<addon id="repository.Messias" name="Messias" version="0.0.2" provider-name="Messias">
	<extension point="xbmc.addon.repository" name="Messias Addon Repository">
		<info compressed="false">http://raw.github.com/badjudja/meu/master/addons.xml</info>
		<checksum>http://raw.github.com/badjudja/meu/master/addons.xml.md5</checksum>
		<datadir zip="true">http://raw.github.com/badjudja/meu/master/</datadir>
	</extension>
	<extension point="xbmc.addon.metadata">
		<summary>Kodi Repo</summary>
		<description>Repo para a malta</description>
		<platform>all</platform>
	</extension>
</addon>